Quarter,Fund,Filed_CUSIP,Filed_Company,Filed_Price,Reference_Price,Status,Kind,CUSIP,Shares,Value,Delta_Shares,Delta_Value,Delta,Note
2025Q1,ARS,04523Y105,ASPEN AEROGELS INC,11.8800,6.3901,auto-corrected,value,,24341,155542,0,0,NO CHANGE,
2025Q1,ARS,293594107,ENOVIX CORPORATION,10.8700,7.3401,auto-corrected,value,,50000,367003,0,0,NO CHANGE,
2025Q1,ARS,46122W204,INUVO INC,0.6460,0.3619,auto-corrected,value,,10000,3619,0,0,NO CHANGE,
2025Q1,ARS,714157203,PERMA-FIX ENVIRONMENTAL SVCS,11.0701,7.2742,auto-corrected,value,,83239,605495,0,0,NO CHANGE,
2025Q1,ARS,848560306,SPIRE GLOBAL INC,14.0702,8.0905,auto-corrected,value,,27623,223483,0,0,NO CHANGE,
2025Q1,ARS,87288V101,TSS INC DEL,11.8601,7.8639,auto-corrected,value,,34041,267696,0,0,NO CHANGE,
2025Q1,ARS,88080T104,TERAWULF INC,5.6600,2.7297,auto-corrected,value,,12000,32756,0,0,NO CHANGE,
2025Q1,ARS,88160R101,TESLA INC,402.8220,259.1638,auto-corrected,value,,4394,1138766,0,0,NO CHANGE,
2025Q1,ARS,92537N108,VERTIV HOLDINGS CO,113.6280,72.1998,auto-corrected,value,,162196,11710523,-216,-15595,-0.1%,
2025Q1,ARS,92827K301,VIRTRA INC,6.7500,4.0700,auto-corrected,value,,39468,160635,0,0,NO CHANGE,
2025Q1,ARS,G1110E107,BIOHAVEN LTD,37.3508,24.0402,auto-corrected,value,,1039871,24998686,-841,-20218,-0.1%,
2025Q1,Eschler,88034P109,TENCENT MUSIC ENTMT GROUP,63.8399,14.4194,auto-corrected,value,,14300,206198,14300,206198,NEW,
2025Q1,Navellier,433000106,"Hims & Hers Health, Inc. Class A",41.8803,29.5499,auto-corrected,value,,7403,218758,7403,218758,NEW,
2025Q1,Navellier,44951W106,"IES Holdings, Inc.",240.6514,165.1432,auto-corrected,value,,2886,476603,-2304,-380490,-44.4%,
2025Q1,Navellier,69608A108,Palantir Technologies Inc. Class A,123.7163,84.4004,auto-corrected,value,,70888,5982975,36927,3116653,+108.7%,
2025Q1,North Growth,62944T105,NVR,10230.0000,7244.2857,auto-corrected,value,,1000,7244286,0,0,NO CHANGE,
2025Q1,Panoramic,G25508105,CRH PLC,23.4545,87.9703,auto-corrected,value,,110000,9676734,50998,4486310,+86.4%,
2025Q1,Polar Capital,032654105,ANALOG DEVICES INC,31.1957,201.6699,auto-corrected,value,,96167,19393988,-7350,-1482274,-7.1%,
2025Q1,Polar Capital,31488V107,FERGUSON ENTERPRISES INC,4330.2954,160.2405,auto-corrected,value,,59250,9494250,-6142,-984197,-9.4%,
2025Q1,Quadrature,88031M109,TENARIS S A,19.5468,39.1107,auto-corrected,value,,997607,39017063,34215,1338171,+3.6%,
2025Q1,Talaria,G51502105,JOHNSON & JOHNSON,165.8320,80.1899,auto-corrected,cusip,478160104,,,,,,"price 165.83 matches 478160104 (165.84, funds), a position closed in the same filing"
2025Q1,VanEck,113004105,Brookfield Asset Management LTD,349.6503,48.4624,auto-corrected,value,,8294,401947,8294,401947,NEW,
2025Q2,Amanah,68134L109,Olo Inc.,16.7895,8.9000,auto-corrected,value,,380000,3382009,380000,3382009,NEW,
2025Q2,Eschler,771049103,ROBLOX CORP,56.8440,105.2024,auto-corrected,value,,9230,971018,2380,250382,+34.7%,
2025Q2,Eschler,88034P109,TENCENT MUSIC ENTMT GROUP,70.0699,19.5215,auto-corrected,value,,10298,201033,-4002,-78125,-28%,
2025Q2,Four Tree Island,00287Y109,ABBVIE INC,505.4152,185.6200,auto-corrected,value,,3324,617001,-58,-10766,-1.7%,
2025Q2,North Growth,62944T105,NVR,10430.0000,7385.7143,auto-corrected,value,,1000,7385714,0,0,NO CHANGE,
2025Q2,Quadrature,88031M109,TENARIS S A,19.2999,37.3987,auto-corrected,value,,456997,17091096,-540610,-20218114,-54.2%,
2025Q2,Ratan,464287184,iShares China Large-Cap ETF,368.0000,36.7598,auto-corrected,value,,15000,551397,15000,551397,NEW,
2025Q2,Ratan,83444M101,Solventum Corp,110.6000,75.8819,auto-corrected,value,,4800,364233,0,0,NO CHANGE,
2025Q2,Ratan,86771W105,Sunrun Inc,619.5455,8.1908,auto-corrected,value,,11573,94792,11573,94792,NEW,
2025Q2,Ratan,92537N108,Vertiv Holdings Co,351.5603,128.4167,auto-corrected,value,,71652,9201311,-277172,-35593504,-79.5%,
2025Q2,Renaissance,594972408,MICROSTRATEGY INC,100.1893,404.1786,auto-corrected,value,,264599,106945254,243799,98538339,+1172.1%,
2025Q2,Talaria,G51502105,JOHNSON & JOHNSON,152.7493,105.6555,auto-corrected,cusip,478160104,,,,,,"price 152.75 matches 478160104 (152.75, funds), a position closed in the same filing"
2025Q3,Dale Q Rice,26740W109,D-WAVE QUANTUM INC,35.0697,24.7082,auto-corrected,value,,6239,154155,6239,154155,NEW,
2025Q3,NewGen,44955L155,I-80 GOLD CORP,0.9730,0.4500,auto-corrected,value,,10000000,4500000,4648795,2091958,+86.9%,
2025Q3,North Growth,62944T105,NVR,11260.0000,8032.0700,auto-corrected,value,,1000,8032070,0,0,NO CHANGE,
2025Q3,Renaissance,594972408,STRATEGY INC,186.5060,322.2051,auto-corrected,value,,225730,72731367,-38869,-12523792,-14.7%,
2025Q3,VanEck,393222104,Green Plains Inc,4.4610,8.7900,auto-corrected,value,,2690,23645,0,0,NO CHANGE,
2025Q3,VanEck,56600D107,Maravai LifeSciences Holdings Inc,1.7065,2.8690,auto-corrected,value,,1172,3362,0,0,NO CHANGE,
2025Q3,VanEck,697660207,Pampa Energia SA,3.4662,60.0413,auto-corrected,value,,2308,138575,2308,138575,NEW,
2025Q3,VanEck,934423104,Warner Bros Discovery Inc,11.5836,19.5300,auto-corrected,value,,38330,748585,-25197,-492097,-39.7%,
2025Q4,NewGen,44955L155,I-80 GOLD CORP,1.4604,0.9400,auto-corrected,value,,10011000,9410341,11000,10340,+0.1%,
2025Q4,North Growth,62944T105,NVR,10330.0000,7295.1043,auto-corrected,value,,1000,7295104,0,0,NO CHANGE,
2026Q1,Amanah,012653101,ALBEMARLE CORP,71.8519,179.5308,auto-corrected,value,,135000,24236654,0,0,NO CHANGE,
2026Q1,Blue Grotto,09857L108,BOOKING HOLDINGS INC,168.2353,4209.3676,auto-corrected,shares,,679,2860000,679,2858161,NEW,
2026Q1,Gendell Jeffrey,62955J103,NOV INC,72.6085,18.8373,auto-corrected,value,,240330,4527171,-99367,-1871807,-29.3%,
2026Q1,Ratan,46090E103,iShares China Large-Cap ETF,310.8281,577.1938,corrected,cusip,464287184,,,,,,"value is 15,000 shares of 464287184 plus the 15,467 of 46090E103 the fund sold in 2026Q2"
2026Q2,Amanah,012653101,ALBEMARLE CORP,55.3333,135.0283,auto-corrected,value,,135000,18228827,0,0,NO CHANGE,
2026Q2,Blue Grotto,09857L108,BOOKING HOLDINGS INC,0.0000,4209.6220,carried,carried,,0,0,-16975,-2860000,CLOSE,delta follows the 2026Q1 share restatement
2026Q2,FengHe,05605H100,BWX TECHNOLOGIES INC,375.3402,194.6480,auto-corrected,value,,36740,7151368,-356460,-69384226,-90.7%,
2026Q2,Parvin,65487X102,NORTHERN OIL & GAS INC,18.1489,9.9899,corrected,cusip,665531307,,,,,,price 18.15 matches 665531307 held by another fund at 18.15; filed under another issuer's CUSIP
2026Q2,Persistent,43283X105,HILTON GRAND VACATIONS INC,257.9184,52.3868,auto-corrected,value,,245,12835,245,12835,NEW,
2026Q2,Persistent,464287655,ISHARES TR,26.0606,300.4525,auto-corrected,value,,462,138809,462,138809,NEW,
2026Q2,Ratan,46090E103,iShares China Large-Cap ETF,31.5900,736.4032,corrected,cusip,464287184,,,,,,"15,000 shares at 31.59 continue the 15,000-share position closed under 464287184 in 2026Q1"
2026Q2,Ratan,92840M102,Vistra Corp,297.3665,158.6302,auto-corrected,value,,86728,13757677,-61038,-9682468,-41.3%,
