"fund","quarter","fund_return","benchmark_return","fund_cum_return","benchmark_cum_return","unpriced_weight"
"Amanah","2025Q3","0.283687","0.076159","0.283687","0.076159","0.016827"
"Amanah","2025Q4","0.003585","0.030732","0.288289","0.109231","0.0"
"Amanah","2026Q1","0.351588","-0.058112","0.741237","0.044772","0.0"
"Amanah","2026Q2","0.88295","0.154631","2.278663","0.206326","0.0"
"Amitell","2025Q2","0.146396","0.114375","0.146396","0.114375","0.000616"
"Amitell","2025Q3","0.340487","0.076159","0.536729","0.199245","0.0"
"Amitell","2025Q4","0.067069","0.030732","0.639796","0.2361","0.0"
"Amitell","2026Q1","0.016695","-0.058112","0.667171","0.164268","0.0"
"Amitell","2026Q2","0.145052","0.154631","0.908998","0.3443","0.0"
"Anabranch","2025Q2","0.245932","0.114375","0.245932","0.114375","0.0"
"Anabranch","2025Q3","0.054564","0.076159","0.313915","0.199245","0.0"
"Anabranch","2025Q4","0.038318","0.030732","0.364262","0.2361","0.0"
"Anabranch","2026Q1","-0.155651","-0.058112","0.151913","0.164268","0.0"
"Anabranch","2026Q2","0.041116","0.154631","0.199275","0.3443","0.0"
"Analog","2025Q2","0.395684","0.114375","0.395684","0.114375","0.0"
"Analog","2025Q3","0.223469","0.076159","0.707576","0.199245","0.032115"
"Analog","2025Q4","0.19859","0.030732","1.046684","0.2361","0.0"
"Analog","2026Q1","0.219598","-0.058112","1.49613","0.164268","0.0"
"Analog","2026Q2","0.673441","0.154631","3.177127","0.3443","0.0"
"Andar","2025Q2","0.472543","0.114375","0.472543","0.114375","0.0"
"Andar","2025Q3","0.287922","0.076159","0.896521","0.199245","0.0"
"Andar","2025Q4","0.125907","0.030732","1.135305","0.2361","0.0"
"Andar","2026Q1","0.170244","-0.058112","1.498828","0.164268","0.0"
"Andar","2026Q2","0.821927","0.154631","3.552683","0.3443","0.0"
"Ardsley","2025Q2","0.2871","0.114375","0.2871","0.114375","0.0"
"Ardsley","2025Q3","0.186561","0.076159","0.527222","0.199245","0.003625"
"Ardsley","2025Q4","0.107319","0.030732","0.691122","0.2361","0.000959"
"Ardsley","2026Q1","0.029127","-0.058112","0.740379","0.164268","0.0"
"Ardsley","2026Q2","0.425462","0.154631","1.480845","0.3443","0.00221"
"Arena","2025Q2","0.262558","0.114375","0.262558","0.114375","0.0"
"Arena","2025Q3","-0.110037","0.076159","0.123631","0.199245","1e-06"
"Arena","2025Q4","0.032939","0.030732","0.160642","0.2361","0.000992"
"Arena","2026Q1","0.020205","-0.058112","0.184093","0.164268","0.0"
"Arena","2026Q2","0.062339","0.154631","0.257908","0.3443","0.155471"
"ARS","2025Q2","0.114389","0.114375","0.114389","0.114375","0.0"
"ARS","2025Q3","0.202915","0.076159","0.340515","0.199245","0.0"
"ARS","2025Q4","0.10114","0.030732","0.476096","0.2361","0.0"
"ARS","2026Q1","0.064974","-0.058112","0.572003","0.164268","0.0"
"ARS","2026Q2","0.317403","0.154631","1.070962","0.3443","0.0"
"Atreides","2025Q2","0.378344","0.114375","0.378344","0.114375","0.0"
"Atreides","2025Q3","0.21484","0.076159","0.674468","0.199245","0.0"
"Atreides","2025Q4","0.067254","0.030732","0.787083","0.2361","0.0"
"Atreides","2026Q1","-0.070937","-0.058112","0.660312","0.164268","0.0"
"Atreides","2026Q2","0.752909","0.154631","1.910376","0.3443","0.0"
"Augustine","2025Q2","0.112659","0.114375","0.112659","0.114375","0.0"
"Augustine","2025Q3","0.350166","0.076159","0.502275","0.199245","0.0"
"Augustine","2025Q4","0.014","0.030732","0.523307","0.2361","0.0"
"Augustine","2026Q1","-0.113261","-0.058112","0.350775","0.164268","0.0"
"Augustine","2026Q2","0.162886","0.154631","0.570797","0.3443","0.0"
"Barnes Dennig","2025Q2","0.036105","0.114375","0.036105","0.114375","0.006965"
"Barnes Dennig","2025Q3","0.100966","0.076159","0.140716","0.199245","0.0"
"Barnes Dennig","2025Q4","0.079801","0.030732","0.231746","0.2361","0.0"
"Barnes Dennig","2026Q1","0.022046","-0.058112","0.258902","0.164268","0.0"
"Barnes Dennig","2026Q2","0.218185","0.154631","0.533575","0.3443","0.0"
"BIT","2025Q2","0.525209","0.114375","0.525209","0.114375","0.003119"
"BIT","2025Q3","0.554584","0.076159","1.371066","0.199245","0.008468"
"BIT","2025Q4","-0.072932","0.030732","1.198139","0.2361","0.000159"
"BIT","2026Q1","-0.125917","-0.058112","0.921357","0.164268","9.4e-05"
"BIT","2026Q2","0.713232","0.154631","2.29173","0.3443","0.0"
"Blue Grotto","2025Q2","0.231623","0.114375","0.231623","0.114375","0.0"
"Blue Grotto","2025Q3","0.135842","0.076159","0.39893","0.199245","0.0"
"Blue Grotto","2025Q4","0.04864","0.030732","0.466974","0.2361","0.0"
"Blue Grotto","2026Q1","-0.008027","-0.058112","0.455198","0.164268","0.0"
"Blue Grotto","2026Q2","0.237109","0.154631","0.800239","0.3443","0.0"
"BOCHK","2025Q2","0.497694","0.114375","0.497694","0.114375","0.0"
"BOCHK","2025Q3","0.082984","0.076159","0.62198","0.199245","0.0"
"BOCHK","2025Q4","0.012572","0.030732","0.642371","0.2361","0.0"
"BOCHK","2026Q1","-0.057129","-0.058112","0.548545","0.164268","0.0"
"BOCHK","2026Q2","0.146367","0.154631","0.775201","0.3443","0.0"
"Brightline","2025Q2","0.322086","0.114375","0.322086","0.114375","0.0"
"Brightline","2025Q3","0.337414","0.076159","0.768178","0.199245","0.006419"
"Brightline","2025Q4","0.170579","0.030732","1.069791","0.2361","0.010205"
"Brightline","2026Q1","0.224374","-0.058112","1.534199","0.164268","0.0"
"Brightline","2026Q2","0.335534","0.154631","2.384508","0.3443","0.0"
"Broad Peak","2025Q2","0.27901","0.114375","0.27901","0.114375","0.0"
"Broad Peak","2025Q3","0.327073","0.076159","0.697339","0.199245","0.130295"
"Broad Peak","2025Q4","0.373471","0.030732","1.331246","0.2361","0.0"
"Broad Peak","2026Q1","0.001001","-0.058112","1.33358","0.164268","0.0"
"Broad Peak","2026Q2","0.248538","0.154631","1.913563","0.3443","0.0"
"Burr","2025Q2","0.370849","0.114375","0.370849","0.114375","0.0"
"Burr","2025Q3","0.118895","0.076159","0.533837","0.199245","0.0"
"Burr","2025Q4","-0.000766","0.030732","0.532662","0.2361","0.0"
"Burr","2026Q1","-0.066978","-0.058112","0.430008","0.164268","0.0"
"Burr","2026Q2","0.289613","0.154631","0.844156","0.3443","0.0"
"Carmel","2025Q2","0.209067","0.114375","0.209067","0.114375","0.0"
"Carmel","2025Q3","0.107678","0.076159","0.339256","0.199245","0.0"
"Carmel","2025Q4","0.023231","0.030732","0.370369","0.2361","0.0"
"Carmel","2026Q1","0.046474","-0.058112","0.434056","0.164268","0.0"
"Carmel","2026Q2","0.337197","0.154631","0.917615","0.3443","0.0"
"CAS","2025Q2","0.501881","0.114375","0.501881","0.114375","0.0"
"CAS","2025Q3","0.09648","0.076159","0.646784","0.199245","0.0"
"CAS","2025Q4","0.114716","0.030732","0.835696","0.2361","0.0"
"CAS","2026Q1","-0.241164","-0.058112","0.392992","0.164268","0.0"
"CAS","2026Q2","0.090488","0.154631","0.519041","0.3443","0.0"
"Castellan","2025Q2","0.112142","0.114375","0.112142","0.114375","0.0"
"Castellan","2025Q3","0.168709","0.076159","0.29977","0.199245","0.0"
"Castellan","2025Q4","0.01853","0.030732","0.323855","0.2361","0.0"
"Castellan","2026Q1","0.010211","-0.058112","0.337374","0.164268","0.0"
"Castellan","2026Q2","0.250221","0.154631","0.672013","0.3443","0.0"
"CastleKnight","2025Q2","0.364993","0.114375","0.364993","0.114375","0.0"
"CastleKnight","2025Q3","0.527543","0.076159","1.085085","0.199245","0.0"
"CastleKnight","2025Q4","0.018201","0.030732","1.123036","0.2361","0.0"
"CastleKnight","2026Q1","0.121014","-0.058112","1.379953","0.164268","0.0"
"CastleKnight","2026Q2","0.432356","0.154631","2.40894","0.3443","0.0"
"Caxton Associates","2025Q2","0.122241","0.114375","0.122241","0.114375","0.040134"
"Caxton Associates","2025Q3","0.206461","0.076159","0.35394","0.199245","0.041636"
"Caxton Associates","2025Q4","0.020155","0.030732","0.381229","0.2361","0.014785"
"Caxton Associates","2026Q1","-0.02725","-0.058112","0.34359","0.164268","0.040529"
"Caxton Associates","2026Q2","0.168204","0.154631","0.569587","0.3443","0.056635"
"Chapin Davis","2025Q2","0.115209","0.114375","0.115209","0.114375","0.0"
"Chapin Davis","2025Q3","0.092428","0.076159","0.218286","0.199245","0.0"
"Chapin Davis","2025Q4","0.047439","0.030732","0.27608","0.2361","0.0"
"Chapin Davis","2026Q1","0.032602","-0.058112","0.317683","0.164268","0.0"
"Chapin Davis","2026Q2","0.319477","0.154631","0.738652","0.3443","0.0"
"CloudAlpha","2025Q2","0.483852","0.114375","0.483852","0.114375","0.0"
"CloudAlpha","2025Q3","0.298815","0.076159","0.92725","0.199245","0.0"
"CloudAlpha","2025Q4","0.06027","0.030732","1.043405","0.2361","0.0"
"CloudAlpha","2026Q1","0.242538","-0.058112","1.539009","0.164268","0.0"
"CloudAlpha","2026Q2","0.343873","0.154631","2.412106","0.3443","0.0"
"Colrain","2025Q2","0.063571","0.114375","0.063571","0.114375","0.0"
"Colrain","2025Q3","0.072846","0.076159","0.141048","0.199245","0.097221"
"Colrain","2025Q4","0.102839","0.030732","0.258391","0.2361","0.0"
"Colrain","2026Q1","0.126843","-0.058112","0.41801","0.164268","0.0"
"Colrain","2026Q2","0.138416","0.154631","0.614286","0.3443","0.0"
"Consolidated Press","2025Q2","0.385832","0.114375","0.385832","0.114375","0.0"
"Consolidated Press","2025Q3","-0.016607","0.076159","0.362818","0.199245","0.0"
"Consolidated Press","2025Q4","0.089291","0.030732","0.484505","0.2361","0.0"
"Consolidated Press","2026Q2","0.041914","0.154631","0.546727","0.42724","0.0"
"CRCM","2025Q2","0.57446","0.114375","0.57446","0.114375","0.0"
"CRCM","2025Q3","0.144662","0.076159","0.802224","0.199245","0.0"
"CRCM","2025Q4","0.041921","0.030732","0.877775","0.2361","0.0"
"CRCM","2026Q1","-0.160234","-0.058112","0.576892","0.164268","0.049324"
"CRCM","2026Q2","-0.183782","0.154631","0.287087","0.3443","0.0"
"Credit Capital","2025Q2","0.192015","0.114375","0.192015","0.114375","0.0"
"Credit Capital","2025Q3","0.228207","0.076159","0.464041","0.199245","0.0"
"Credit Capital","2025Q4","0.178278","0.030732","0.725047","0.2361","0.0"
"Credit Capital","2026Q1","0.062234","-0.058112","0.832403","0.164268","0.0"
"Credit Capital","2026Q2","0.612906","0.154631","1.955494","0.3443","0.0"
"Cypress Point","2025Q2","0.257979","0.114375","0.257979","0.114375","0.0"
"Cypress Point","2025Q3","0.177978","0.076159","0.481872","0.199245","0.0"
"Cypress Point","2025Q4","-3.8e-05","0.030732","0.481816","0.2361","0.00766"
"Cypress Point","2026Q1","-0.064195","-0.058112","0.386691","0.164268","0.0"
"Cypress Point","2026Q2","0.023157","0.154631","0.418802","0.3443","0.0"
"Cyrus","2025Q2","0.198965","0.114375","0.198965","0.114375","0.0"
"Cyrus","2025Q3","0.572357","0.076159","0.885201","0.199245","0.0"
"Cyrus","2025Q4","0.31218","0.030732","1.473722","0.2361","0.0"
"Cyrus","2026Q1","0.070625","-0.058112","1.648429","0.164268","0.0"
"Cyrus","2026Q2","0.149698","0.154631","2.044895","0.3443","0.0"
"Dale Q Rice","2025Q2","0.187548","0.114375","0.187548","0.114375","0.0"
"Dale Q Rice","2025Q3","0.164854","0.076159","0.38332","0.199245","0.0"
"Dale Q Rice","2025Q4","-0.131583","0.030732","0.201299","0.2361","0.0"
"Dale Q Rice","2026Q1","-0.069617","-0.058112","0.117668","0.164268","0.0"
"Dale Q Rice","2026Q2","0.410572","0.154631","0.576551","0.3443","0.0"
"Donor Advised","2025Q2","0.453316","0.114375","0.453316","0.114375","0.0"
"Donor Advised","2025Q3","0.177474","0.076159","0.711241","0.199245","0.0"
"Donor Advised","2025Q4","-0.000946","0.030732","0.709622","0.2361","0.0"
"Donor Advised","2026Q1","-0.064866","-0.058112","0.598726","0.164268","0.0"
"Donor Advised","2026Q2","0.146249","0.154631","0.832537","0.3443","0.0"
"Duquesne","2025Q2","0.208829","0.114375","0.208829","0.114375","0.009114"
"Duquesne","2025Q3","0.099904","0.076159","0.329596","0.199245","0.0"
"Duquesne","2025Q4","0.142685","0.030732","0.519309","0.2361","0.0272"
"Duquesne","2026Q1","-0.037071","-0.058112","0.462986","0.164268","0.00259"
"Duquesne","2026Q2","0.250009","0.154631","0.828747","0.3443","0.0"
"Emerald","2025Q2","0.22296","0.114375","0.22296","0.114375","0.0"
"Emerald","2025Q3","0.177394","0.076159","0.439906","0.199245","0.0"
"Emerald","2025Q4","0.065754","0.030732","0.534585","0.2361","0.004448"
"Emerald","2026Q1","0.00383","-0.058112","0.540463","0.164268","0.0"
"Emerald","2026Q2","0.389235","0.154631","1.140065","0.3443","0.008691"
"Emerald Mutual","2025Q2","0.2136","0.114375","0.2136","0.114375","0.0"
"Emerald Mutual","2025Q3","0.180118","0.076159","0.432191","0.199245","0.0"
"Emerald Mutual","2025Q4","0.07367","0.030732","0.5377","0.2361","0.008636"
"Emerald Mutual","2026Q1","0.000401","-0.058112","0.538316","0.164268","0.0"
"Emerald Mutual","2026Q2","0.390038","0.154631","1.138318","0.3443","0.012145"
"Eschler","2025Q2","0.049096","0.114375","0.049096","0.114375","0.0"
"Eschler","2025Q3","0.58671","0.076159","0.66461","0.199245","0.004254"
"Eschler","2025Q4","0.043291","0.030732","0.736673","0.2361","0.003899"
"Eschler","2026Q1","0.018229","-0.058112","0.76833","0.164268","0.0"
"Eschler","2026Q2","0.007164","0.154631","0.780999","0.3443","0.0"
"Essex","2025Q2","0.22654","0.114375","0.22654","0.114375","0.017207"
"Essex","2025Q3","0.209829","0.076159","0.483904","0.199245","0.023896"
"Essex","2025Q4","0.023288","0.030732","0.51846","0.2361","0.0"
"Essex","2026Q1","-0.002817","-0.058112","0.514183","0.164268","0.0"
"Essex","2026Q2","0.272266","0.154631","0.926444","0.3443","0.0"
"FengHe","2025Q2","0.254616","0.114375","0.254616","0.114375","0.0"
"FengHe","2025Q3","0.461196","0.076159","0.83324","0.199245","0.0"
"FengHe","2025Q4","0.213448","0.030732","1.224542","0.2361","0.0"
"FengHe","2026Q1","0.157523","-0.058112","1.574959","0.164268","0.0"
"FengHe","2026Q2","0.475921","0.154631","2.800436","0.3443","0.0"
"Four Tree Island","2025Q2","0.090779","0.114375","0.090779","0.114375","0.0"
"Four Tree Island","2025Q3","0.088238","0.076159","0.187026","0.199245","0.0"
"Four Tree Island","2025Q4","0.143181","0.030732","0.356987","0.2361","0.007393"
"Four Tree Island","2026Q1","0.080438","-0.058112","0.46614","0.164268","0.0"
"Four Tree Island","2026Q2","0.47447","0.154631","1.161779","0.3443","0.0"
"FourSixThree","2025Q2","0.212426","0.114375","0.212426","0.114375","0.0"
"FourSixThree","2025Q3","0.43178","0.076159","0.735927","0.199245","0.0"
"FourSixThree","2025Q4","0.385784","0.030732","1.405619","0.2361","0.0"
"FourSixThree","2026Q1","0.00562","-0.058112","1.419138","0.164268","0.0"
"FourSixThree","2026Q2","-0.058038","0.154631","1.278735","0.3443","0.100609"
"Galaxy Digital","2025Q2","0.668891","0.114375","0.668891","0.114375","0.0"
"Galaxy Digital","2025Q3","0.455687","0.076159","1.429383","0.199245","0.0"
"Galaxy Digital","2025Q4","-0.091312","0.030732","1.20755","0.2361","0.0"
"Galaxy Digital","2026Q1","0.029327","-0.058112","1.272292","0.164268","0.0"
"Galaxy Digital","2026Q2","0.808618","0.154631","3.109709","0.3443","0.015052"
"Gator","2025Q2","0.191297","0.114375","0.191297","0.114375","0.0"
"Gator","2025Q3","0.180399","0.076159","0.406206","0.199245","0.0"
"Gator","2025Q4","-0.00523","0.030732","0.398851","0.2361","0.001503"
"Gator","2026Q1","-0.06574","-0.058112","0.306891","0.164268","0.076115"
"Gator","2026Q2","0.186221","0.154631","0.550262","0.3443","0.0"
"Gendell Jeffrey","2025Q2","0.605144","0.114375","0.605144","0.114375","0.0"
"Gendell Jeffrey","2025Q3","0.328825","0.076159","1.132957","0.199245","0.0"
"Gendell Jeffrey","2025Q4","0.026322","0.030732","1.1891","0.2361","0.001852"
"Gendell Jeffrey","2026Q1","0.204571","-0.058112","1.636926","0.164268","0.019452"
"Gendell Jeffrey","2026Q2","0.472328","0.154631","2.882421","0.3443","0.0"
"General Equity","2025Q2","0.519775","0.114375","0.519775","0.114375","0.0"
"General Equity","2025Q3","0.074098","0.076159","0.632387","0.199245","0.0"
"General Equity","2025Q4","0.031607","0.030732","0.683982","0.2361","0.0"
"General Equity","2026Q1","-0.242791","-0.058112","0.275126","0.164268","0.0"
"General Equity","2026Q2","0.126754","0.154631","0.436754","0.3443","0.0"
"Goodlander","2025Q2","0.43143","0.114375","0.43143","0.114375","0.0"
"Goodlander","2025Q3","0.279191","0.076159","0.831073","0.199245","0.0"
"Goodlander","2025Q4","0.032355","0.030732","0.890318","0.2361","0.0"
"Goodlander","2026Q1","0.271548","-0.058112","1.403629","0.164268","0.0"
"Goodlander","2026Q2","0.316948","0.154631","2.165454","0.3443","0.0"
"Grand Alliance","2025Q2","0.469017","0.114375","0.469017","0.114375","0.0"
"Grand Alliance","2025Q3","0.225977","0.076159","0.800982","0.199245","0.0"
"Grand Alliance","2025Q4","0.063236","0.030732","0.914868","0.2361","0.0"
"Grand Alliance","2026Q1","0.0446","-0.058112","1.000272","0.164268","0.0"
"Grand Alliance","2026Q2","0.8099","0.154631","2.620292","0.3443","0.0"
"Greenoaks","2025Q2","0.502922","0.114375","0.502922","0.114375","0.0"
"Greenoaks","2025Q3","0.087064","0.076159","0.633772","0.199245","0.0"
"Greenoaks","2025Q4","0.014479","0.030732","0.657427","0.2361","0.0"
"Greenoaks","2026Q1","-0.261842","-0.058112","0.223442","0.164268","0.0"
"Greenoaks","2026Q2","0.075684","0.154631","0.316037","0.3443","0.0"
"Greenstone","2025Q2","0.179482","0.114375","0.179482","0.114375","0.0"
"Greenstone","2025Q3","0.264355","0.076159","0.491284","0.199245","0.026385"
"Greenstone","2025Q4","-0.04495","0.030732","0.424251","0.2361","0.0"
"Greenstone","2026Q1","-0.223582","-0.058112","0.105814","0.164268","0.072896"
"Greenstone","2026Q2","0.109142","0.154631","0.226505","0.3443","0.0"
"Hel Ved","2025Q2","0.217531","0.114375","0.217531","0.114375","0.0"
"Hel Ved","2025Q3","0.167713","0.076159","0.421727","0.199245","0.0"
"Hel Ved","2025Q4","-0.064435","0.030732","0.330117","0.2361","0.0"
"Hel Ved","2026Q1","0.281817","-0.058112","0.704967","0.164268","0.0"
"Hel Ved","2026Q2","0.775849","0.154631","2.027764","0.3443","0.0"
"Helikon","2025Q2","0.119582","0.114375","0.119582","0.114375","0.0"
"Helikon","2025Q3","0.099768","0.076159","0.23128","0.199245","0.016942"
"Helikon","2025Q4","0.271896","0.030732","0.566061","0.2361","0.0"
"Helikon","2026Q1","0.147649","-0.058112","0.797288","0.164268","0.0"
"Helikon","2026Q2","-0.053977","0.154631","0.700276","0.3443","0.0"
"Helix","2025Q2","0.574157","0.114375","0.574157","0.114375","0.0"
"Helix","2025Q3","0.352163","0.076159","1.128518","0.199245","0.0"
"Helix","2025Q4","-0.030337","0.030732","1.063946","0.2361","0.0"
"Helix","2026Q1","0.032991","-0.058112","1.132037","0.164268","0.0"
"Helix","2026Q2","0.321872","0.154631","1.81828","0.3443","0.0"
"Herald","2025Q2","0.254627","0.114375","0.254627","0.114375","0.022043"
"Herald","2025Q3","0.127786","0.076159","0.41495","0.199245","0.005206"
"Herald","2025Q4","0.031572","0.030732","0.459623","0.2361","0.00662"
"Herald","2026Q1","0.012207","-0.058112","0.477441","0.164268","0.0"
"Herald","2026Q2","0.608221","0.154631","1.376051","0.3443","0.004599"
"Hiddenite","2025Q2","0.265514","0.114375","0.265514","0.114375","0.0"
"Hiddenite","2025Q3","0.370439","0.076159","0.734311","0.199245","0.0"
"Hiddenite","2025Q4","-0.022328","0.030732","0.695588","0.2361","0.0"
"Hiddenite","2026Q1","0.055812","-0.058112","0.790222","0.164268","0.041847"
"Hiddenite","2026Q2","0.127956","0.154631","1.019292","0.3443","0.0"
"IMC","2025Q2","0.166323","0.114375","0.166323","0.114375","0.0"
"IMC","2025Q3","0.142737","0.076159","0.332801","0.199245","0.0"
"IMC","2025Q4","-0.016355","0.030732","0.311002","0.2361","0.0"
"IMC","2026Q1","-0.052726","-0.058112","0.241878","0.164268","0.0"
"IMC","2026Q2","0.291523","0.154631","0.603914","0.3443","0.002908"
"JAT","2025Q2","0.808819","0.114375","0.808819","0.114375","0.0"
"JAT","2025Q3","0.268085","0.076159","1.293736","0.199245","0.0"
"JAT","2025Q4","-0.018337","0.030732","1.251676","0.2361","0.0"
"JAT","2026Q1","0.094716","-0.058112","1.464945","0.164268","0.0"
"JAT","2026Q2","0.663927","0.154631","3.101488","0.3443","0.0"
"Jericho","2025Q2","0.223423","0.114375","0.223423","0.114375","0.0"
"Jericho","2025Q3","0.179224","0.076159","0.442689","0.199245","0.033316"
"Jericho","2025Q4","0.043524","0.030732","0.505481","0.2361","0.0"
"Jericho","2026Q1","-0.121687","-0.058112","0.322283","0.164268","0.03823"
"Jericho","2026Q2","0.330595","0.154631","0.759423","0.3443","0.0"
"Keystone","2025Q2","0.199267","0.114375","0.199267","0.114375","0.003218"
"Keystone","2025Q3","0.136415","0.076159","0.362865","0.199245","0.006997"
"Keystone","2025Q4","0.045934","0.030732","0.425467","0.2361","0.0"
"Keywise","2025Q2","0.289241","0.114375","0.289241","0.114375","0.0"
"Keywise","2025Q3","0.284951","0.076159","0.656611","0.199245","0.0"
"Keywise","2025Q4","0.022409","0.030732","0.693734","0.2361","0.0"
"Keywise","2026Q1","-0.120101","-0.058112","0.490314","0.164268","0.0"
"Keywise","2026Q2","0.214318","0.154631","0.809715","0.3443","0.0"
"Kohlberg","2025Q2","0.188031","0.114375","0.188031","0.114375","0.02149"
"Kohlberg","2025Q3","0.099277","0.076159","0.305976","0.199245","0.000128"
"Kohlberg","2025Q4","0.165689","0.030732","0.522361","0.2361","0.001337"
"Kohlberg","2026Q1","0.027845","-0.058112","0.564751","0.164268","0.0"
"Kohlberg","2026Q2","0.226877","0.154631","0.919758","0.3443","0.0"
"Kopernik","2025Q2","0.147542","0.114375","0.147542","0.114375","0.0"
"Kopernik","2025Q3","0.277994","0.076159","0.466552","0.199245","0.0"
"Kopernik","2025Q4","0.132856","0.030732","0.661391","0.2361","0.016204"
"Kopernik","2026Q1","0.055226","-0.058112","0.753142","0.164268","0.0"
"Kopernik","2026Q2","0.013578","0.154631","0.776946","0.3443","0.012594"
"KPS","2025Q2","0.514625","0.114375","0.514625","0.114375","0.0"
"KPS","2025Q3","0.050291","0.076159","0.590796","0.199245","0.0"
"KPS","2025Q4","0.036291","0.030732","0.648527","0.2361","0.0"
"KPS","2026Q1","-0.252474","-0.058112","0.232317","0.164268","0.0"
"KPS","2026Q2","0.022357","0.154631","0.259868","0.3443","0.0"
"KRS","2025Q2","0.178819","0.114375","0.178819","0.114375","0.0"
"KRS","2025Q3","0.098643","0.076159","0.295101","0.199245","0.0"
"KRS","2025Q4","0.030711","0.030732","0.334875","0.2361","0.0"
"KRS","2026Q1","-0.059873","-0.058112","0.254951","0.164268","0.0"
"KRS","2026Q2","0.313169","0.154631","0.647963","0.3443","0.0"
"Lingotto","2025Q2","0.218135","0.114375","0.218135","0.114375","0.0"
"Lingotto","2025Q3","0.256282","0.076159","0.530322","0.199245","0.0"
"Lingotto","2025Q4","0.061222","0.030732","0.624011","0.2361","0.0"
"Lingotto","2026Q1","-0.067278","-0.058112","0.514751","0.164268","0.0"
"Lingotto","2026Q2","-0.020125","0.154631","0.484267","0.3443","0.0"
"LM","2025Q2","0.090451","0.114375","0.090451","0.114375","0.0"
"LM","2025Q3","0.215152","0.076159","0.325063","0.199245","0.0"
"LM","2025Q4","0.224071","0.030732","0.621971","0.2361","0.0"
"LM","2026Q1","0.266802","-0.058112","1.054717","0.164268","0.0"
"LM","2026Q2","-0.084893","0.154631","0.880286","0.3443","0.0"
"Long Walk","2025Q2","0.305082","0.114375","0.305082","0.114375","0.0"
"Long Walk","2025Q3","0.208465","0.076159","0.577146","0.199245","0.0"
"Long Walk","2025Q4","-0.150816","0.030732","0.339287","0.2361","0.0"
"Long Walk","2026Q1","-0.142892","-0.058112","0.147913","0.164268","0.0"
"Long Walk","2026Q2","0.115699","0.154631","0.280726","0.3443","0.0"
"Lunate","2025Q2","0.03411","0.114375","0.03411","0.114375","0.0"
"Lunate","2025Q3","0.105345","0.076159","0.143048","0.199245","0.0"
"Lunate","2025Q4","0.30763","0.030732","0.494684","0.2361","0.0"
"Lunate","2026Q1","0.061728","-0.058112","0.586949","0.164268","0.0"
"Lunate","2026Q2","0.509283","0.154631","1.395155","0.3443","0.006692"
"Madison Avenue","2025Q2","0.02432","0.114375","0.02432","0.114375","0.011113"
"Madison Avenue","2025Q3","0.296847","0.076159","0.328386","0.199245","0.011537"
"Madison Avenue","2025Q4","0.273144","0.030732","0.691227","0.2361","0.0"
"Madison Avenue","2026Q1","0.215521","-0.058112","1.055721","0.164268","0.0"
"Madison Avenue","2026Q2","0.570498","0.154631","2.228507","0.3443","0.0"
"Maytus","2025Q2","0.206479","0.114375","0.206479","0.114375","0.0"
"Maytus","2025Q3","0.133567","0.076159","0.367625","0.199245","0.019157"
"Maytus","2025Q4","0.02773","0.030732","0.405549","0.2361","0.0"
"Maytus","2026Q1","-0.022239","-0.058112","0.374291","0.164268","0.017155"
"Maytus","2026Q2","0.472732","0.154631","1.023962","0.3443","0.0"
"Merk","2025Q2","0.186236","0.114375","0.186236","0.114375","0.0"
"Merk","2025Q3","0.525262","0.076159","0.809322","0.199245","0.0"
"Merk","2025Q4","0.242302","0.030732","1.247724","0.2361","0.0"
"Merk","2026Q1","0.040071","-0.058112","1.337791","0.164268","0.0"
"Merk","2026Q2","-0.217031","0.154631","0.830419","0.3443","0.0"
"Metavasi","2025Q2","0.368081","0.114375","0.368081","0.114375","0.0"
"Metavasi","2025Q3","0.196195","0.076159","0.636491","0.199245","0.0"
"Metavasi","2025Q4","-0.051801","0.030732","0.55172","0.2361","0.0"
"Metavasi","2026Q1","-0.13753","-0.058112","0.338311","0.164268","0.003821"
"Metavasi","2026Q2","0.514415","0.154631","1.026759","0.3443","2.9e-05"
"Moerus","2025Q2","0.13907","0.114375","0.13907","0.114375","0.0"
"Moerus","2025Q3","0.109937","0.076159","0.264296","0.199245","0.0"
"Moerus","2025Q4","0.011414","0.030732","0.278727","0.2361","0.0"
"Moerus","2026Q1","0.14683","-0.058112","0.466483","0.164268","0.0"
"Moerus","2026Q2","-0.077515","0.154631","0.352809","0.3443","0.0"
"Monaco","2025Q2","0.074007","0.114375","0.074007","0.114375","0.001989"
"Monaco","2025Q3","0.310587","0.076159","0.40758","0.199245","0.009783"
"Monaco","2025Q4","0.160077","0.030732","0.632902","0.2361","0.038127"
"Monaco","2026Q1","0.108834","-0.058112","0.810616","0.164268","0.003768"
"Monaco","2026Q2","0.043346","0.154631","0.889099","0.3443","0.0"
"Monarch Alternative","2025Q2","0.16444","0.114375","0.16444","0.114375","0.0"
"Monarch Alternative","2025Q3","0.992236","0.076159","1.31984","0.199245","0.011547"
"Monarch Alternative","2025Q4","0.311682","0.030732","2.042893","0.2361","0.0"
"Monarch Alternative","2026Q1","0.032822","-0.058112","2.142767","0.164268","0.0"
"Monarch Alternative","2026Q2","-0.063563","0.154631","1.943002","0.3443","0.0"
"MWA","2025Q2","0.128859","0.114375","0.128859","0.114375","0.0"
"MWA","2025Q3","0.108348","0.076159","0.251169","0.199245","0.0"
"MWA","2025Q4","0.026451","0.030732","0.284263","0.2361","0.0"
"MWA","2026Q1","0.006504","-0.058112","0.292617","0.164268","0.0"
"MWA","2026Q2","0.271706","0.154631","0.643828","0.3443","0.0"
"Navellier","2025Q2","0.136724","0.114375","0.136724","0.114375","0.0"
"Navellier","2025Q3","0.087898","0.076159","0.23664","0.199245","0.0"
"Navellier","2025Q4","-0.011346","0.030732","0.222609","0.2361","0.0"
"Navellier","2026Q1","0.072414","-0.058112","0.311143","0.164268","0.0"
"Navellier","2026Q2","0.208329","0.154631","0.584293","0.3443","0.0"
"NewGen","2025Q2","0.245493","0.114375","0.245493","0.114375","0.027506"
"NewGen","2025Q3","0.369534","0.076159","0.705745","0.199245","0.0"
"NewGen","2025Q4","0.11885","0.030732","0.908473","0.2361","0.0"
"NewGen","2026Q1","0.037085","-0.058112","0.979248","0.164268","0.013229"
"NewGen","2026Q2","0.003741","0.154631","0.986653","0.3443","0.0"
"Nokomis","2025Q2","0.098396","0.114375","0.098396","0.114375","0.048241"
"Nokomis","2025Q3","0.234051","0.076159","0.355476","0.199245","0.009797"
"Nokomis","2025Q4","0.132836","0.030732","0.535533","0.2361","0.0"
"Nokomis","2026Q1","0.036649","-0.058112","0.591808","0.164268","0.045418"
"Nokomis","2026Q2","-0.023994","0.154631","0.553615","0.3443","0.012699"
"North Growth","2025Q2","0.160547","0.114375","0.160547","0.114375","0.0"
"North Growth","2025Q3","0.133488","0.076159","0.315465","0.199245","0.0"
"North Growth","2025Q4","0.171428","0.030732","0.540973","0.2361","0.0"
"North Growth","2026Q1","0.103736","-0.058112","0.700827","0.164268","0.0"
"North Growth","2026Q2","0.24296","0.154631","1.114061","0.3443","0.0"
"O'Keefe","2025Q2","0.115642","0.114375","0.115642","0.114375","0.000957"
"O'Keefe","2025Q3","0.115022","0.076159","0.243965","0.199245","0.0"
"O'Keefe","2025Q4","0.043348","0.030732","0.297888","0.2361","0.0"
"O'Keefe","2026Q1","0.064013","-0.058112","0.38097","0.164268","0.0"
"O'Keefe","2026Q2","0.1652","0.154631","0.609107","0.3443","0.0"
"O'Neil","2025Q2","0.252331","0.114375","0.252331","0.114375","0.0"
"O'Neil","2025Q3","0.120548","0.076159","0.403296","0.199245","0.0"
"O'Neil","2025Q4","-0.057123","0.030732","0.323136","0.2361","0.0"
"O'Neil","2026Q1","-0.114059","-0.058112","0.172221","0.164268","0.0"
"O'Neil","2026Q2","0.208307","0.154631","0.416402","0.3443","0.0"
"Oaktop","2025Q2","0.271139","0.114375","0.271139","0.114375","0.0"
"Oaktop","2025Q3","0.203563","0.076159","0.529896","0.199245","0.0"
"Oaktop","2025Q4","0.12986","0.030732","0.728568","0.2361","0.0"
"Oaktop","2026Q1","0.15352","-0.058112","0.993938","0.164268","0.0"
"Oaktop","2026Q2","0.824907","0.154631","2.638752","0.3443","0.0"
"OCO","2025Q2","0.211641","0.114375","0.211641","0.114375","0.0"
"OCO","2025Q3","0.460746","0.076159","0.769901","0.199245","0.0"
"OCO","2025Q4","0.115073","0.030732","0.973569","0.2361","0.25378"
"OCO","2026Q1","0.084773","-0.058112","1.140874","0.164268","0.0"
"OCO","2026Q2","0.558068","0.154631","2.335627","0.3443","0.0"
"Octahedron","2025Q2","0.285971","0.114375","0.285971","0.114375","0.0"
"Octahedron","2025Q3","0.183797","0.076159","0.522329","0.199245","0.0"
"Octahedron","2025Q4","0.02124","0.030732","0.554663","0.2361","0.0"
"Octahedron","2026Q1","-0.114206","-0.058112","0.37711","0.164268","0.0"
"Octahedron","2026Q2","0.37307","0.154631","0.890869","0.3443","0.0"
"Once","2025Q2","0.435172","0.114375","0.435172","0.114375","0.0"
"Once","2025Q3","0.09249","0.076159","0.56791","0.199245","0.0"
"Once","2025Q4","0.065923","0.030732","0.671271","0.2361","0.0"
"Once","2026Q1","-0.070093","-0.058112","0.554126","0.164268","0.0"
"Once","2026Q2","0.391794","0.154631","1.163024","0.3443","0.0"
"OnyxPoint","2025Q2","0.075814","0.114375","0.075814","0.114375","0.0"
"OnyxPoint","2025Q3","0.057904","0.076159","0.138108","0.199245","0.0"
"OnyxPoint","2025Q4","0.003594","0.030732","0.142198","0.2361","0.0"
"OnyxPoint","2026Q1","0.362145","-0.058112","0.555839","0.164268","0.047659"
"OnyxPoint","2026Q2","-0.088359","0.154631","0.418367","0.3443","0.0"
"Orion Resource","2025Q2","0.130481","0.114375","0.130481","0.114375","0.0"
"Orion Resource","2025Q3","0.381845","0.076159","0.562149","0.199245","0.0"
"Orion Resource","2025Q4","0.293876","0.030732","1.021227","0.2361","0.0"
"Orion Resource","2026Q1","0.111233","-0.058112","1.246055","0.164268","0.0"
"Orion Resource","2026Q2","-0.091929","0.154631","1.039577","0.3443","0.0"
"Oxbow","2025Q2","0.174544","0.114375","0.174544","0.114375","0.0"
"Oxbow","2025Q3","0.194545","0.076159","0.403045","0.199245","0.0"
"Oxbow","2025Q4","0.065767","0.030732","0.49532","0.2361","0.0"
"Oxbow","2026Q1","0.377365","-0.058112","1.059601","0.164268","0.0"
"Oxbow","2026Q2","1.354506","0.154631","3.849344","0.3443","0.0"
"Panoramic","2025Q2","0.169495","0.114375","0.169495","0.114375","0.0"
"Panoramic","2025Q3","0.192331","0.076159","0.394425","0.199245","0.0"
"Panoramic","2025Q4","0.087856","0.030732","0.516933","0.2361","0.0"
"Panoramic","2026Q1","0.086655","-0.058112","0.648383","0.164268","0.0"
"Panoramic","2026Q2","0.434592","0.154631","1.364757","0.3443","0.0"
"Paradigm","2025Q2","1.039467","0.114375","1.039467","0.114375","0.0"
"Paradigm","2025Q3","0.058847","0.076159","1.159483","0.199245","0.0"
"Paradigm","2025Q4","-0.29839","0.030732","0.515114","0.2361","0.0"
"Paradigm","2026Q1","-0.261847","-0.058112","0.118387","0.164268","0.0"
"Paradigm","2026Q2","0.049478","0.154631","0.173722","0.3443","0.0"
"Parvin","2025Q2","0.056395","0.114375","0.056395","0.114375","0.0"
"Parvin","2025Q3","0.160667","0.076159","0.226123","0.199245","0.0"
"Parvin","2025Q4","0.052116","0.030732","0.290024","0.2361","0.0"
"Parvin","2026Q1","0.050994","-0.058112","0.355808","0.164268","0.015528"
"Parvin","2026Q2","-0.057462","0.154631","0.277901","0.3443","0.010698"
"Peconic","2025Q2","0.512101","0.114375","0.512101","0.114375","0.0"
"Peconic","2025Q3","0.135408","0.076159","0.716852","0.199245","0.0"
"Peconic","2025Q4","0.06766","0.030732","0.833014","0.2361","0.0"
"Peconic","2026Q1","0.195284","-0.058112","1.190972","0.164268","0.0"
"Peconic","2026Q2","0.337539","0.154631","1.930509","0.3443","0.0"
"Pennant Investors","2025Q2","0.246446","0.114375","0.246446","0.114375","0.0"
"Pennant Investors","2025Q3","0.281806","0.076159","0.597702","0.199245","0.0"
"Pennant Investors","2025Q4","0.109257","0.030732","0.772262","0.2361","0.0"
"Pennant Investors","2026Q1","0.04388","-0.058112","0.850029","0.164268","0.0"
"Pennant Investors","2026Q2","0.125803","0.154631","1.082768","0.3443","0.0"
"Pennant Select","2025Q2","0.182926","0.114375","0.182926","0.114375","0.0"
"Pennant Select","2025Q3","0.441967","0.076159","0.70574","0.199245","0.0"
"Pennant Select","2025Q4","0.188254","0.030732","1.026854","0.2361","0.0"
"Pennant Select","2026Q1","0.010665","-0.058112","1.048471","0.164268","0.0"
"Pennant Select","2026Q2","0.102897","0.154631","1.259253","0.3443","0.0"
"Peregrine","2025Q2","0.218727","0.114375","0.218727","0.114375","0.0"
"Peregrine","2025Q3","0.31864","0.076159","0.607062","0.199245","0.0"
"Peregrine","2025Q4","0.080065","0.030732","0.735731","0.2361","0.0"
"Peregrine","2026Q1","-0.096659","-0.058112","0.567958","0.164268","0.0"
"Peregrine","2026Q2","0.445568","0.154631","1.26659","0.3443","0.0"
"Persistent","2025Q2","0.019229","0.114375","0.019229","0.114375","0.028481"
"Persistent","2025Q3","0.105386","0.076159","0.126642","0.199245","0.022535"
"Persistent","2025Q4","0.0711","0.030732","0.206746","0.2361","0.005187"
"Persistent","2026Q1","0.110361","-0.058112","0.339924","0.164268","0.013039"
"Persistent","2026Q2","0.572716","0.154631","1.10732","0.3443","0.010791"
"Pinegrove","2025Q2","0.24397","0.114375","0.24397","0.114375","0.0"
"Pinegrove","2025Q3","0.104186","0.076159","0.373574","0.199245","0.0"
"Pinegrove","2025Q4","0.048293","0.030732","0.439909","0.2361","0.0"
"Pinegrove","2026Q1","-0.257163","-0.058112","0.069617","0.164268","0.0"
"Pinegrove","2026Q2","0.008472","0.154631","0.078679","0.3443","0.0"
"Ping","2025Q2","-0.029447","0.114375","-0.029447","0.114375","0.0"
"Ping","2025Q3","-0.128638","0.076159","-0.154297","0.199245","0.0"
"Ping","2025Q4","0.40195","0.030732","0.185634","0.2361","0.0"
"Ping","2026Q1","0.090315","-0.058112","0.292714","0.164268","0.0"
"Ping","2026Q2","0.001836","0.154631","0.295088","0.3443","0.0"
"Pingora","2025Q2","-0.010684","0.114375","-0.010684","0.114375","0.0"
"Pingora","2025Q3","0.13066","0.076159","0.11858","0.199245","0.017895"
"Pingora","2025Q4","0.065579","0.030732","0.191935","0.2361","0.0"
"Pingora","2026Q1","0.163042","-0.058112","0.38627","0.164268","0.0"
"Pingora","2026Q2","0.012875","0.154631","0.404118","0.3443","0.029499"
"PKO","2025Q2","0.202345","0.114375","0.202345","0.114375","0.0"
"PKO","2025Q3","0.146605","0.076159","0.378615","0.199245","0.0"
"PKO","2025Q4","0.179326","0.030732","0.625837","0.2361","0.0"
"PKO","2026Q1","0.096521","-0.058112","0.782764","0.164268","0.0"
"PKO","2026Q2","0.82888","0.154631","2.260462","0.3443","0.0"
"Plustick","2025Q2","0.315706","0.114375","0.315706","0.114375","0.003929"
"Plustick","2025Q3","0.434235","0.076159","0.887032","0.199245","0.0"
"Plustick","2025Q4","0.021354","0.030732","0.927328","0.2361","0.0"
"Plustick","2026Q1","-0.011833","-0.058112","0.904522","0.164268","0.0"
"Plustick","2026Q2","0.291302","0.154631","1.459312","0.3443","0.0"
"Polar Capital","2025Q2","0.239711","0.114375","0.239711","0.114375","0.005647"
"Polar Capital","2025Q3","0.160759","0.076159","0.439005","0.199245","0.009955"
"Polar Capital","2025Q4","0.080099","0.030732","0.554269","0.2361","0.002733"
"Polar Capital","2026Q1","0.034156","-0.058112","0.607356","0.164268","0.004811"
"Polar Capital","2026Q2","0.490219","0.154631","1.395313","0.3443","0.01184"
"Polymer","2025Q2","0.11564","0.114375","0.11564","0.114375","0.006924"
"Polymer","2025Q3","0.163843","0.076159","0.29843","0.199245","0.0"
"Polymer","2025Q4","0.092006","0.030732","0.417893","0.2361","0.0"
"Polymer","2026Q1","0.131169","-0.058112","0.603877","0.164268","0.0"
"Polymer","2026Q2","0.230873","0.154631","0.974168","0.3443","0.0"
"Pureheart","2025Q2","0.066379","0.114375","0.066379","0.114375","0.0"
"Pureheart","2025Q3","0.206169","0.076159","0.286234","0.199245","0.0"
"Pureheart","2025Q4","0.108997","0.030732","0.426429","0.2361","0.0"
"Pureheart","2026Q1","-0.054839","-0.058112","0.348206","0.164268","0.0"
"Quadrature","2025Q2","0.187719","0.114375","0.187719","0.114375","0.0"
"Quadrature","2025Q3","0.145846","0.076159","0.360943","0.199245","0.01105"
"Quadrature","2025Q4","0.032805","0.030732","0.405588","0.2361","0.0"
"Quadrature","2026Q1","-0.004783","-0.058112","0.398865","0.164268","0.0"
"Quadrature","2026Q2","0.358396","0.154631","0.900214","0.3443","0.0"
"QVT","2025Q2","0.110555","0.114375","0.110555","0.114375","0.006597"
"QVT","2025Q3","0.318171","0.076159","0.463901","0.199245","0.003113"
"QVT","2025Q4","0.231717","0.030732","0.803112","0.2361","0.114412"
"QVT","2026Q1","0.145527","-0.058112","1.065513","0.164268","0.000366"
"QVT","2026Q2","0.22995","0.154631","1.540478","0.3443","0.007986"
"Ratan","2025Q2","0.306694","0.114375","0.306694","0.114375","0.0"
"Ratan","2025Q3","0.271043","0.076159","0.660864","0.199245","0.0"
"Ratan","2025Q4","-0.043931","0.030732","0.587901","0.2361","0.0"
"Ratan","2026Q1","-0.048558","-0.058112","0.510795","0.164268","0.0"
"Ratan","2026Q2","0.209469","0.154631","0.827259","0.3443","0.0"
"Redwood","2025Q2","0.079325","0.114375","0.079325","0.114375","0.0"
"Redwood","2025Q3","0.860946","0.076159","1.008566","0.199245","0.0"
"Redwood","2025Q4","0.234019","0.030732","1.478609","0.2361","0.0"
"Redwood","2026Q1","-0.041284","-0.058112","1.376282","0.164268","0.0"
"Redwood","2026Q2","0.132964","0.154631","1.692243","0.3443","0.006348"
"Renaissance","2025Q2","0.173435","0.114375","0.173435","0.114375","0.0"
"Renaissance","2025Q3","0.118606","0.076159","0.312612","0.199245","0.0"
"Renaissance","2025Q4","-0.032731","0.030732","0.269649","0.2361","0.0"
"Renaissance","2026Q1","-0.020543","-0.058112","0.243567","0.164268","0.005601"
"Renaissance","2026Q2","0.234751","0.154631","0.535495","0.3443","0.0"
"Ribbit","2025Q2","0.466848","0.114375","0.466848","0.114375","0.0"
"Ribbit","2025Q3","0.142479","0.076159","0.675843","0.199245","0.0"
"Ribbit","2025Q4","-0.095911","0.030732","0.515111","0.2361","0.0"
"Ribbit","2026Q1","-0.226347","-0.058112","0.17217","0.164268","0.0"
"Ribbit","2026Q2","0.040813","0.154631","0.220009","0.3443","0.0"
"Ripple Effect","2025Q2","0.228254","0.114375","0.228254","0.114375","0.0"
"Ripple Effect","2025Q3","0.071064","0.076159","0.315539","0.199245","0.0"
"Ripple Effect","2025Q4","-0.020465","0.030732","0.288616","0.2361","0.0"
"Ripple Effect","2026Q1","0.22907","-0.058112","0.583799","0.164268","0.0"
"Ripple Effect","2026Q2","0.093504","0.154631","0.731891","0.3443","0.0"
"Rovida","2025Q2","0.182795","0.114375","0.182795","0.114375","0.025553"
"Rovida","2025Q3","0.397709","0.076159","0.653204","0.199245","0.0"
"Rovida","2025Q4","-0.139473","0.030732","0.422627","0.2361","0.0"
"Rovida","2026Q1","-0.001087","-0.058112","0.42108","0.164268","0.0"
"Rovida","2026Q2","0.437676","0.154631","1.043053","0.3443","0.0"
"RV","2025Q2","0.207564","0.114375","0.207564","0.114375","0.0"
"RV","2025Q3","0.085261","0.076159","0.310521","0.199245","0.0"
"RV","2025Q4","-0.03192","0.030732","0.268689","0.2361","0.0"
"RV","2026Q1","-0.114996","-0.058112","0.122795","0.164268","0.0"
"RV","2026Q2","0.102444","0.154631","0.237819","0.3443","0.0"
"Schear","2025Q2","0.163772","0.114375","0.163772","0.114375","0.0"
"Schear","2025Q3","0.098708","0.076159","0.278645","0.199245","0.0"
"Schear","2025Q4","0.045022","0.030732","0.336213","0.2361","0.0"
"Schear","2026Q1","-0.012032","-0.058112","0.320136","0.164268","0.0"
"Schear","2026Q2","0.326332","0.154631","0.750938","0.3443","0.008071"
"Shannon River","2025Q2","0.111375","0.114375","0.111375","0.114375","0.0"
"Shannon River","2025Q3","0.190033","0.076159","0.322573","0.199245","0.0"
"Shannon River","2025Q4","0.07495","0.030732","0.421699","0.2361","0.0"
"Shannon River","2026Q1","-0.08333","-0.058112","0.303229","0.164268","0.046776"
"Shannon River","2026Q2","0.626592","0.154631","1.119822","0.3443","0.0"
"Sharp","2025Q2","0.451615","0.114375","0.451615","0.114375","0.0"
"Sharp","2025Q3","0.179284","0.076159","0.711866","0.199245","0.0"
"Sharp","2025Q4","-0.014098","0.030732","0.687732","0.2361","0.0"
"Sharp","2026Q1","-0.1098","-0.058112","0.502419","0.164268","0.0"
"Sharp","2026Q2","-0.116355","0.154631","0.327605","0.3443","0.0"
"Sharpepoint","2025Q2","0.154382","0.114375","0.154382","0.114375","0.0"
"Sharpepoint","2025Q3","0.105946","0.076159","0.276684","0.199245","0.0"
"Sharpepoint","2025Q4","0.014805","0.030732","0.295585","0.2361","0.0"
"Sharpepoint","2026Q1","0.026577","-0.058112","0.330018","0.164268","0.0"
"Sharpepoint","2026Q2","0.161","0.154631","0.544151","0.3443","0.0"
"Situational Awareness","2025Q2","0.742444","0.114375","0.742444","0.114375","0.0"
"Situational Awareness","2025Q3","0.327291","0.076159","1.31273","0.199245","0.0"
"Situational Awareness","2025Q4","-0.14318","0.030732","0.981593","0.2361","0.0"
"Situational Awareness","2026Q1","0.367139","-0.058112","1.709112","0.164268","0.0"
"Situational Awareness","2026Q2","1.092728","0.154631","4.669436","0.3443","0.0"
"Skerryvore","2025Q2","0.093052","0.114375","0.093052","0.114375","0.0"
"Skerryvore","2025Q3","0.015806","0.076159","0.110329","0.199245","0.0"
"Skerryvore","2025Q4","0.041429","0.030732","0.156328","0.2361","0.0"
"Skerryvore","2026Q1","0.123865","-0.058112","0.299557","0.164268","0.0"
"Skerryvore","2026Q2","-0.038154","0.154631","0.249974","0.3443","0.0"
"Slate Path","2025Q2","0.19089","0.114375","0.19089","0.114375","0.0"
"Slate Path","2025Q3","0.43314","0.076159","0.706712","0.199245","0.0"
"Slate Path","2025Q4","0.156309","0.030732","0.973487","0.2361","0.0"
"Slate Path","2026Q1","-0.04169","-0.058112","0.891212","0.164268","0.0"
"Slate Path","2026Q2","0.410457","0.154631","1.667472","0.3443","0.0"
"Spruce House","2025Q2","0.40425","0.114375","0.40425","0.114375","0.0"
"Spruce House","2025Q3","0.396426","0.076159","0.960932","0.199245","0.0"
"Spruce House","2025Q4","0.024197","0.030732","1.00838","0.2361","0.0"
"Spruce House","2026Q1","-0.268535","-0.058112","0.469061","0.164268","0.0"
"Spruce House","2026Q2","0.125161","0.154631","0.65293","0.3443","0.0"
"Steadtrust","2025Q3","0.146431","0.076159","0.146431","0.076159","0.007573"
"Steadtrust","2025Q4","0.088928","0.030732","0.248381","0.109231","0.0"
"Steadtrust","2026Q1","0.099681","-0.058112","0.37282","0.044772","0.004438"
"Steadtrust","2026Q2","0.106846","0.154631","0.519501","0.206326","0.0"
"Steadview","2025Q2","0.554688","0.114375","0.554688","0.114375","0.0"
"Steadview","2025Q3","0.308338","0.076159","1.034058","0.199245","0.0"
"Steadview","2025Q4","-0.121873","0.030732","0.786161","0.2361","0.0"
"Steadview","2026Q1","-0.32688","-0.058112","0.202302","0.164268","0.0"
"Steadview","2026Q2","0.343387","0.154631","0.615156","0.3443","0.0"
"Stenham","2025Q2","0.113512","0.114375","0.113512","0.114375","0.023446"
"Stenham","2025Q3","0.098351","0.076159","0.223027","0.199245","0.0"
"Stenham","2025Q4","0.097483","0.030732","0.342251","0.2361","0.0"
"Stenham","2026Q1","0.049242","-0.058112","0.408346","0.164268","0.0"
"Stenham","2026Q2","-0.032432","0.154631","0.362671","0.3443","0.0"
"Tairen","2025Q2","0.281774","0.114375","0.281774","0.114375","0.0"
"Tairen","2025Q3","0.09688","0.076159","0.405952","0.199245","0.005477"
"Tairen","2025Q4","0.015715","0.030732","0.428046","0.2361","0.0"
"Tairen","2026Q1","0.001079","-0.058112","0.429587","0.164268","0.0"
"Tairen","2026Q2","0.77961","0.154631","1.544106","0.3443","0.0"
"Talaria","2025Q2","0.025621","0.114375","0.025621","0.114375","0.0"
"Talaria","2025Q3","0.10941","0.076159","0.137834","0.199245","0.0"
"Talaria","2025Q4","0.036082","0.030732","0.17889","0.2361","0.0"
"Talaria","2026Q1","0.130933","-0.058112","0.333245","0.164268","0.0"
"Talaria","2026Q2","-0.012213","0.154631","0.316962","0.3443","0.0"
"Talos","2025Q2","0.306437","0.114375","0.306437","0.114375","0.0"
"Talos","2025Q3","0.315345","0.076159","0.718416","0.199245","0.0"
"Talos","2025Q4","0.143508","0.030732","0.965022","0.2361","0.0"
"Talos","2026Q1","0.220901","-0.058112","1.399098","0.164268","0.0"
"Talos","2026Q2","0.719948","0.154631","3.126324","0.3443","0.0"
"TFI Allianz Polska","2025Q2","0.127785","0.114375","0.127785","0.114375","0.0"
"TFI Allianz Polska","2025Q3","0.35477","0.076159","0.527889","0.199245","0.0"
"TFI Allianz Polska","2025Q4","0.149064","0.030732","0.755642","0.2361","0.0"
"TFI Allianz Polska","2026Q1","0.068138","-0.058112","0.875268","0.164268","0.0"
"TFI Allianz Polska","2026Q2","-0.173732","0.154631","0.549473","0.3443","0.0"
"Thrive","2025Q2","0.570336","0.114375","0.570336","0.114375","0.0"
"Thrive","2025Q3","0.063159","0.076159","0.669517","0.199245","0.0"
"Thrive","2025Q4","-0.1723","0.030732","0.381859","0.2361","0.094466"
"Thrive","2026Q1","-0.325687","-0.058112","-0.068194","0.164268","0.0"
"Thrive","2026Q2","0.275209","0.154631","0.188247","0.3443","0.0"
"Trivest","2025Q2","0.095895","0.114375","0.095895","0.114375","0.0"
"Trivest","2025Q3","0.162027","0.076159","0.27346","0.199245","0.0"
"Trivest","2025Q4","-0.003673","0.030732","0.268783","0.2361","0.0"
"Trivest","2026Q1","0.155274","-0.058112","0.465792","0.164268","0.0"
"Trivest","2026Q2","1.061472","0.154631","2.021689","0.3443","0.0"
"Trybe","2025Q2","0.312458","0.114375","0.312458","0.114375","0.0"
"Trybe","2025Q3","0.14415","0.076159","0.501649","0.199245","0.0"
"Trybe","2025Q4","0.074858","0.030732","0.614059","0.2361","0.0"
"Trybe","2026Q1","-0.057916","-0.058112","0.520579","0.164268","0.0"
"Trybe","2026Q2","0.663652","0.154631","1.529715","0.3443","0.0"
"UG","2025Q2","0.050887","0.114375","0.050887","0.114375","0.0"
"UG","2025Q3","0.351338","0.076159","0.420104","0.199245","0.0"
"UG","2025Q4","0.017958","0.030732","0.445607","0.2361","0.0"
"UG","2026Q1","-0.079541","-0.058112","0.330622","0.164268","0.0"
"UG","2026Q2","0.578626","0.154631","1.100556","0.3443","0.0"
"UNICUM","2025Q2","0.484466","0.114375","0.484466","0.114375","0.0"
"UNICUM","2025Q3","0.387155","0.076159","1.059185","0.199245","0.001703"
"UNICUM","2025Q4","-0.032397","0.030732","0.992474","0.2361","0.0"
"UNICUM","2026Q1","-0.181995","-0.058112","0.629854","0.164268","0.0"
"UNICUM","2026Q2","0.398465","0.154631","1.279294","0.3443","0.0"
"Valliance","2025Q2","0.391828","0.114375","0.391828","0.114375","0.0"
"Valliance","2025Q3","0.227279","0.076159","0.708161","0.199245","0.00236"
"Valliance","2026Q1","0.543569","-0.058112","1.636665","0.129555","0.0"
"Valliance","2026Q2","1.138815","0.154631","4.639339","0.304219","0.0"
"Value Aligned","2025Q2","0.631875","0.114375","0.631875","0.114375","0.0"
"Value Aligned","2025Q3","0.412315","0.076159","1.304721","0.199245","0.0"
"Value Aligned","2025Q4","-0.005958","0.030732","1.290988","0.2361","0.0"
"Value Aligned","2026Q1","0.220672","-0.058112","1.796545","0.164268","0.0"
"Value Aligned","2026Q2","0.743356","0.154631","3.875374","0.3443","0.0"
"VanEck","2025Q2","0.178305","0.114375","0.178305","0.114375","0.0"
"VanEck","2025Q3","0.213834","0.076159","0.430267","0.199245","0.0"
"VanEck","2025Q4","0.09508","0.030732","0.566257","0.2361","0.00352"
"VanEck","2026Q1","0.046462","-0.058112","0.639027","0.164268","0.0"
"VanEck","2026Q2","0.255187","0.154631","1.057286","0.3443","0.0"
"Vennlight","2025Q2","0.339175","0.114375","0.339175","0.114375","0.0"
"Vennlight","2025Q3","0.412521","0.076159","0.891612","0.199245","0.0"
"Vennlight","2025Q4","-0.151106","0.030732","0.605779","0.2361","0.0"
"Vennlight","2026Q1","0.060047","-0.058112","0.702201","0.164268","0.0"
"Vennlight","2026Q2","0.275587","0.154631","1.171305","0.3443","0.0"
"Virtus Wealth","2025Q2","0.148444","0.114375","0.148444","0.114375","0.0"
"Virtus Wealth","2025Q3","0.111946","0.076159","0.277007","0.199245","0.0"
"Virtus Wealth","2025Q4","0.014551","0.030732","0.295589","0.2361","0.0"
"Virtus Wealth","2026Q1","-0.000376","-0.058112","0.295102","0.164268","0.0"
"Virtus Wealth","2026Q2","0.420837","0.154631","0.840128","0.3443","0.0"
"Westwood","2025Q2","0.316334","0.114375","0.316334","0.114375","0.0"
"Westwood","2025Q3","0.177738","0.076159","0.550298","0.199245","0.0"
"Westwood","2025Q4","0.011051","0.030732","0.56743","0.2361","0.0"
"Westwood","2026Q1","-0.0302","-0.058112","0.520094","0.164268","0.0"
"Westwood","2026Q2","0.404679","0.154631","1.135245","0.3443","0.0"
"Whale Rock","2025Q2","0.380345","0.114375","0.380345","0.114375","0.0"
"Whale Rock","2025Q3","0.233892","0.076159","0.703197","0.199245","0.0"
"Whale Rock","2025Q4","0.016809","0.030732","0.731826","0.2361","0.0"
"Whale Rock","2026Q1","-0.010181","-0.058112","0.714194","0.164268","0.0"
"Whale Rock","2026Q2","0.603553","0.154631","1.748801","0.3443","0.0"
"WT","2025Q2","0.177285","0.114375","0.177285","0.114375","0.000507"
"WT","2025Q3","0.183204","0.076159","0.392968","0.199245","0.0"
"WT","2025Q4","0.049664","0.030732","0.462148","0.2361","0.0"
"WT","2026Q1","0.169843","-0.058112","0.710483","0.164268","0.0"
"WT","2026Q2","0.835376","0.154631","2.139379","0.3443","0.0"
