"series_type","series_id","label","quarter_in","quarter_out","entry_date","exit_date","n_stocks","window_return","cum_return","excess_return","turnover"
"benchmark","SPY","S&P 500","2025Q1","2025Q2","2025-05-15","2025-08-14","","0.095148","0.095148","",""
"strategy","smart_score","Smart Score","2025Q1","2025Q2","2025-05-15","2025-08-14","30","0.321596","0.321596","0.226448","0.0"
"strategy","avg_portfolio","Avg Portfolio","2025Q1","2025Q2","2025-05-15","2025-08-14","54","0.181173","0.181173","0.086025","0.0"
"strategy","consensus","Consensus Buys","2025Q1","2025Q2","2025-05-15","2025-08-14","30","0.3214","0.3214","0.226252","0.0"
"strategy","new_consensus","New Consensus","2025Q1","2025Q2","2025-05-15","2025-08-14","30","0.327791","0.327791","0.232643","0.0"
"strategy","big_bets","Big Bets","2025Q1","2025Q2","2025-05-15","2025-08-14","30","0.242123","0.242123","0.146975","0.0"
"strategy","increasing","Increasing","2025Q1","2025Q2","2025-05-15","2025-08-14","18","0.306204","0.306204","0.211056","0.0"
"strategy","decreasing","Decreasing","2025Q1","2025Q2","2025-05-15","2025-08-14","30","0.181006","0.181006","0.085858","0.0"
"benchmark","SPY","S&P 500","2025Q2","2025Q3","2025-08-14","2025-11-14","","0.039566","0.138479","",""
"strategy","smart_score","Smart Score","2025Q2","2025Q3","2025-08-14","2025-11-14","30","0.262747","0.668842","0.223181","0.766667"
"strategy","avg_portfolio","Avg Portfolio","2025Q2","2025Q3","2025-08-14","2025-11-14","58","0.118371","0.32099","0.078804","0.206897"
"strategy","consensus","Consensus Buys","2025Q2","2025Q3","2025-08-14","2025-11-14","30","0.245836","0.646248","0.20627","0.933333"
"strategy","new_consensus","New Consensus","2025Q2","2025Q3","2025-08-14","2025-11-14","30","0.143669","0.518553","0.104102","0.666667"
"strategy","big_bets","Big Bets","2025Q2","2025Q3","2025-08-14","2025-11-14","30","0.281508","0.591791","0.241942","0.266667"
"strategy","increasing","Increasing","2025Q2","2025Q3","2025-08-14","2025-11-14","30","0.205839","0.575072","0.166272","0.733333"
"strategy","decreasing","Decreasing","2025Q2","2025Q3","2025-08-14","2025-11-14","30","0.125501","0.329223","0.085934","0.866667"
"benchmark","SPY","S&P 500","2025Q3","2025Q4","2025-11-14","2026-02-14","","0.018582","0.159635","",""
"strategy","smart_score","Smart Score","2025Q3","2025Q4","2025-11-14","2026-02-14","30","0.234281","1.05982","0.215698","0.866667"
"strategy","avg_portfolio","Avg Portfolio","2025Q3","2025Q4","2025-11-14","2026-02-14","77","0.079635","0.426187","0.061053","0.285714"
"strategy","consensus","Consensus Buys","2025Q3","2025Q4","2025-11-14","2026-02-14","30","0.243877","1.047731","0.225295","0.866667"
"strategy","new_consensus","New Consensus","2025Q3","2025Q4","2025-11-14","2026-02-14","30","0.065844","0.618542","0.047262","0.733333"
"strategy","big_bets","Big Bets","2025Q3","2025Q4","2025-11-14","2026-02-14","30","0.095149","0.743248","0.076567","0.233333"
"strategy","increasing","Increasing","2025Q3","2025Q4","2025-11-14","2026-02-14","30","0.128391","0.777297","0.109809","0.733333"
"strategy","decreasing","Decreasing","2025Q3","2025Q4","2025-11-14","2026-02-14","30","0.028956","0.367712","0.010374","0.866667"
"benchmark","SPY","S&P 500","2025Q4","2026Q1","2026-02-14","2026-05-15","","0.086244","0.259647","",""
"strategy","smart_score","Smart Score","2025Q4","2026Q1","2026-02-14","2026-05-15","30","0.234415","1.542673","0.148171","0.866667"
"strategy","avg_portfolio","Avg Portfolio","2025Q4","2026Q1","2026-02-14","2026-05-15","77","0.226532","0.749264","0.140287","0.142857"
"strategy","consensus","Consensus Buys","2025Q4","2026Q1","2026-02-14","2026-05-15","30","0.234018","1.526937","0.147774","0.866667"
"strategy","new_consensus","New Consensus","2025Q4","2026Q1","2026-02-14","2026-05-15","30","0.394712","1.257399","0.308467","0.766667"
"strategy","big_bets","Big Bets","2025Q4","2026Q1","2026-02-14","2026-05-15","30","0.182048","1.060603","0.095804","0.266667"
"strategy","increasing","Increasing","2025Q4","2026Q1","2026-02-14","2026-05-15","30","0.291549","1.295466","0.205305","0.7"
"strategy","decreasing","Decreasing","2025Q4","2026Q1","2026-02-14","2026-05-15","30","0.245379","0.703319","0.159134","0.833333"
"benchmark","SPY","S&P 500","2026Q1","2026Q2","2026-05-15","2026-08-14","","0.049142","0.321548","",""
"strategy","smart_score","Smart Score","2026Q1","2026Q2","2026-05-15","2026-08-14","30","0.025508","1.607532","-0.023634","0.933333"
"strategy","avg_portfolio","Avg Portfolio","2026Q1","2026Q2","2026-05-15","2026-08-14","64","0.019626","0.783594","-0.029516","0.078125"
"strategy","consensus","Consensus Buys","2026Q1","2026Q2","2026-05-15","2026-08-14","30","0.029","1.600217","-0.020143","0.933333"
"strategy","new_consensus","New Consensus","2026Q1","2026Q2","2026-05-15","2026-08-14","30","0.063385","1.400484","0.014243","0.766667"
"strategy","big_bets","Big Bets","2026Q1","2026Q2","2026-05-15","2026-08-14","30","0.075032","1.215215","0.02589","0.4"
"strategy","increasing","Increasing","2026Q1","2026Q2","2026-05-15","2026-08-14","30","0.100681","1.526576","0.051539","0.666667"
"strategy","decreasing","Decreasing","2026Q1","2026Q2","2026-05-15","2026-08-14","30","-0.052767","0.613441","-0.101909","0.8"
